{"cameraMode":{"drawMode":2,"name":"Shaded Wireframe","section":"Shading Mode"},"sceneLighting":true,"audioPlay":false,"sceneViewState":{"showFog":false,"showMaterialUpdate":false,"showSkybox":true,"showFlares":false,"showImageEffects":false,"showParticleSystems":false},"in2DMode":false,"pivot":{"x":58.41127014160156,"y":15.588735580444336,"z":59.81586456298828},"rotation":{"x":0.06536782532930374,"y":-0.9282792210578919,"z":0.19640064239501954,"w":0.30895769596099856},"size":41.167938232421878,"orthographic":false}