{"cameraMode":{"drawMode":2,"name":"Shaded Wireframe","section":"Shading Mode"},"sceneLighting":true,"audioPlay":false,"sceneViewState":{"showFog":false,"showMaterialUpdate":false,"showSkybox":true,"showFlares":false,"showImageEffects":false,"showParticleSystems":false},"in2DMode":false,"pivot":{"x":35.76345443725586,"y":6.9544453620910648,"z":50.29882049560547},"rotation":{"x":0.13491438329219819,"y":0.6861596703529358,"z":-0.13206560909748078,"w":0.7028095126152039},"size":34.202152252197269,"orthographic":false}