{"cameraMode":{"drawMode":0,"name":"Shaded","section":"Shading Mode"},"sceneLighting":false,"audioPlay":false,"sceneViewState":{"showFog":false,"showMaterialUpdate":false,"showSkybox":false,"showFlares":false,"showImageEffects":false,"showParticleSystems":false},"in2DMode":false,"pivot":{"x":0.001942455768585205,"y":0.8622174263000488,"z":0.0},"rotation":{"x":0.36072421073913576,"y":-0.015945548191666604,"z":0.006837731227278709,"w":0.9328261613845825},"size":3.1129634380340578,"orthographic":false}