{"cameraMode":{"drawMode":2,"name":"Shaded Wireframe","section":"Shading Mode"},"sceneLighting":false,"audioPlay":false,"sceneViewState":{"showFog":false,"showMaterialUpdate":false,"showSkybox":false,"showFlares":false,"showImageEffects":false,"showParticleSystems":false},"in2DMode":false,"pivot":{"x":39.9541015625,"y":0.5883620381355286,"z":64.52255249023438},"rotation":{"x":0.0002592005766928196,"y":-0.9995454549789429,"z":0.00899626687169075,"w":0.028790820389986039},"size":8.540617942810059,"orthographic":false}