{"cameraMode":{"drawMode":2,"name":"Shaded Wireframe","section":"Shading Mode"},"sceneLighting":true,"audioPlay":false,"sceneViewState":{"showFog":false,"showMaterialUpdate":false,"showSkybox":true,"showFlares":false,"showImageEffects":false,"showParticleSystems":false},"in2DMode":false,"pivot":{"x":48.6676025390625,"y":-16.84712791442871,"z":58.27172088623047},"rotation":{"x":0.27042385935783389,"y":0.631101131439209,"z":-0.25045645236968996,"w":0.6828837394714356},"size":34.202152252197269,"orthographic":false}