{"cameraMode":{"drawMode":0,"name":"Shaded","section":"Shading Mode"},"sceneLighting":true,"audioPlay":false,"sceneViewState":{"showFog":false,"showMaterialUpdate":false,"showSkybox":true,"showFlares":false,"showImageEffects":false,"showParticleSystems":false},"in2DMode":false,"pivot":{"x":-48.88850021362305,"y":26.265905380249025,"z":28.10213851928711},"rotation":{"x":-0.20973646640777589,"y":-0.6536451578140259,"z":0.19582824409008027,"w":-0.7004626393318176},"size":40.5057258605957,"orthographic":false}