{"cameraMode":{"drawMode":2,"name":"Shaded Wireframe","section":"Shading Mode"},"sceneLighting":true,"audioPlay":false,"sceneViewState":{"showFog":false,"showMaterialUpdate":false,"showSkybox":true,"showFlares":false,"showImageEffects":false,"showParticleSystems":false},"in2DMode":false,"pivot":{"x":67.09445190429688,"y":-1.468470573425293,"z":70.505859375},"rotation":{"x":0.32661306858062746,"y":0.16887666285037995,"z":-0.05943361669778824,"w":0.9280483722686768},"size":33.019691467285159,"orthographic":false}