{"cameraMode":{"drawMode":2,"name":"Shaded Wireframe","section":"Shading Mode"},"sceneLighting":false,"audioPlay":false,"sceneViewState":{"showFog":false,"showMaterialUpdate":false,"showSkybox":false,"showFlares":false,"showImageEffects":false,"showParticleSystems":false},"in2DMode":false,"pivot":{"x":2.7580041885375978,"y":0.9262530207633972,"z":-2.536334276199341},"rotation":{"x":-0.16747917234897614,"y":-0.4250745177268982,"z":0.08054570853710175,"w":-0.8860681056976318},"size":6.530680179595947,"orthographic":false}