{"cameraMode":{"drawMode":0,"name":"Shaded","section":"Shading Mode"},"sceneLighting":true,"audioPlay":false,"sceneViewState":{"showFog":false,"showMaterialUpdate":false,"showSkybox":true,"showFlares":false,"showImageEffects":false,"showParticleSystems":false},"in2DMode":false,"pivot":{"x":60.41874313354492,"y":-5.3752899169921879,"z":125.54405212402344},"rotation":{"x":0.09510206431150437,"y":0.2737988531589508,"z":-0.026989784091711046,"w":0.9568859934806824},"size":68.69290924072266,"orthographic":false}