{"cameraMode":{"drawMode":0,"name":"Shaded","section":"Shading Mode"},"sceneLighting":true,"audioPlay":false,"sceneViewState":{"showFog":false,"showMaterialUpdate":false,"showSkybox":true,"showFlares":false,"showImageEffects":false,"showParticleSystems":false},"in2DMode":false,"pivot":{"x":77.84249114990235,"y":-3.9643898010253908,"z":43.23148727416992},"rotation":{"x":-0.08900946378707886,"y":-0.7094278335571289,"z":0.09083803743124008,"w":-0.6934605836868286},"size":40.5057258605957,"orthographic":false}