{"cameraMode":{"drawMode":2,"name":"Shaded Wireframe","section":"Shading Mode"},"sceneLighting":true,"audioPlay":false,"sceneViewState":{"showFog":false,"showMaterialUpdate":false,"showSkybox":true,"showFlares":false,"showImageEffects":false,"showParticleSystems":false},"in2DMode":false,"pivot":{"x":70.85690307617188,"y":-11.11090087890625,"z":96.38957214355469},"rotation":{"x":-0.184393972158432,"y":-0.19510726630687715,"z":0.03766326233744621,"w":-0.9626674652099609},"size":24.17961883544922,"orthographic":false}