{"cameraMode":{"drawMode":0,"name":"Shaded","section":"Shading Mode"},"sceneLighting":true,"audioPlay":false,"sceneViewState":{"showFog":false,"showMaterialUpdate":false,"showSkybox":true,"showFlares":false,"showImageEffects":false,"showParticleSystems":false},"in2DMode":false,"pivot":{"x":-23.543148040771486,"y":-23.654979705810548,"z":-117.93905639648438},"rotation":{"x":-0.008000652305781842,"y":0.9849239587783814,"z":-0.16705124080181123,"w":-0.048205479979515079},"size":68.69290924072266,"orthographic":false}