{"cameraMode":{"drawMode":2,"name":"Shaded Wireframe","section":"Shading Mode"},"sceneLighting":false,"audioPlay":false,"sceneViewState":{"showFog":false,"showMaterialUpdate":false,"showSkybox":false,"showFlares":false,"showImageEffects":false,"showParticleSystems":false},"in2DMode":false,"pivot":{"x":39.88359832763672,"y":0.6810495853424072,"z":78.94115447998047},"rotation":{"x":-0.184393972158432,"y":-0.19510726630687715,"z":0.03766326233744621,"w":-0.9626674652099609},"size":1.5578444004058838,"orthographic":false}