{"cameraMode":{"drawMode":2,"name":"Shaded Wireframe","section":"Shading Mode"},"sceneLighting":true,"audioPlay":false,"sceneViewState":{"showFog":false,"showMaterialUpdate":false,"showSkybox":true,"showFlares":false,"showImageEffects":false,"showParticleSystems":false},"in2DMode":false,"pivot":{"x":15.10785961151123,"y":-16.9575138092041,"z":74.10550689697266},"rotation":{"x":0.33281415700912478,"y":-0.565273106098175,"z":0.26639705896377566,"w":0.7062182426452637},"size":33.019691467285159,"orthographic":false}