{"cameraMode":{"drawMode":2,"name":"Shaded Wireframe","section":"Shading Mode"},"sceneLighting":true,"audioPlay":false,"sceneViewState":{"showFog":false,"showMaterialUpdate":false,"showSkybox":true,"showFlares":false,"showImageEffects":false,"showParticleSystems":false},"in2DMode":false,"pivot":{"x":66.17129516601563,"y":4.091179847717285,"z":68.15330505371094},"rotation":{"x":0.3008943498134613,"y":0.12540742754936219,"z":-0.03995184972882271,"w":0.9445395469665527},"size":26.984516143798829,"orthographic":false}