{"cameraMode":{"drawMode":0,"name":"Shaded","section":"Shading Mode"},"sceneLighting":true,"audioPlay":false,"sceneViewState":{"showFog":false,"showMaterialUpdate":false,"showSkybox":true,"showFlares":false,"showImageEffects":false,"showParticleSystems":false},"in2DMode":false,"pivot":{"x":48.42258071899414,"y":-86.61461639404297,"z":139.4304656982422},"rotation":{"x":0.36072421073913576,"y":-0.015945548191666604,"z":0.006837731227278709,"w":0.9328261613845825},"size":68.69290924072266,"orthographic":false}