{"cameraMode":{"drawMode":0,"name":"Shaded","section":"Shading Mode"},"sceneLighting":true,"audioPlay":false,"sceneViewState":{"showFog":false,"showMaterialUpdate":false,"showSkybox":true,"showFlares":false,"showImageEffects":false,"showParticleSystems":false},"in2DMode":false,"pivot":{"x":116.09713745117188,"y":-28.78189468383789,"z":95.10931396484375},"rotation":{"x":-0.12345282733440399,"y":-0.5451887845993042,"z":0.0815991535782814,"w":-0.8253735899925232},"size":68.69290924072266,"orthographic":false}