{"cameraMode":{"drawMode":2,"name":"Shaded Wireframe","section":"Shading Mode"},"sceneLighting":true,"audioPlay":false,"sceneViewState":{"showFog":false,"showMaterialUpdate":false,"showSkybox":true,"showFlares":false,"showImageEffects":false,"showParticleSystems":false},"in2DMode":false,"pivot":{"x":19.832874298095704,"y":25.912729263305665,"z":54.987491607666019},"rotation":{"x":-0.2481304556131363,"y":-0.6759715676307678,"z":0.261074960231781,"w":-0.6431698799133301},"size":15.486748695373536,"orthographic":false}