{"cameraMode":{"drawMode":2,"name":"Shaded Wireframe","section":"Shading Mode"},"sceneLighting":true,"audioPlay":false,"sceneViewState":{"showFog":false,"showMaterialUpdate":false,"showSkybox":true,"showFlares":false,"showImageEffects":false,"showParticleSystems":false},"in2DMode":false,"pivot":{"x":56.299659729003909,"y":-24.72904396057129,"z":58.50135040283203},"rotation":{"x":0.21459053456783296,"y":0.4676866829395294,"z":-0.118190236389637,"w":0.8492883443832398},"size":41.167938232421878,"orthographic":false}